<?xml version="1.0" encoding="UTF-8" ?>
<!DOCTYPE mapper PUBLIC "-//mybatis.org//DTD Mapper 3.0//EN" "http://mybatis.org/dtd/mybatis-3-mapper.dtd" >
<mapper namespace="com.ande.buyb2c.shop.dao.ShopMapper" >
  <resultMap id="BaseResultMap" type="com.ande.buyb2c.shop.entity.Shop" >
    <id column="shop_id" property="shopId" jdbcType="INTEGER" />
    <result column="logo" property="logo" jdbcType="VARCHAR" />
    <result column="shop_name" property="shopName" jdbcType="VARCHAR" />
    <result column="shop_domain" property="shopDomain" jdbcType="VARCHAR" />
    <result column="copyright" property="copyright" jdbcType="VARCHAR" />
    <result column="customer_phone" property="customerPhone" jdbcType="VARCHAR" />
    <result column="admin_id" property="adminId" jdbcType="INTEGER" />
    <result column="create_time" property="createTime" jdbcType="TIMESTAMP" />
    <result column="update_time" property="updateTime" jdbcType="TIMESTAMP" />
    <result column="del_state" property="delState" jdbcType="CHAR" />
    <result column="free_shipping" property="freeShipping" jdbcType="INTEGER" />
    <result column="free_shipping_prompt" property="freeShippingPrompt" jdbcType="INTEGER" />
  </resultMap>
  <sql id="Base_Column_List">
    shop_id, logo, shop_name, shop_domain, copyright, customer_phone, admin_id, create_time, 
    update_time, del_state,free_shipping, free_shipping_prompt
  </sql>
  <select id="selectByPrimaryKey" resultMap="BaseResultMap" parameterType="java.lang.Integer" >
    select 
    <include refid="Base_Column_List" />
    from t_shop
    where shop_id = #{id,jdbcType=INTEGER}
  </select>
  <delete id="deleteByPrimaryKey" parameterType="java.lang.Integer" >
    delete from t_shop
    where shop_id = #{id,jdbcType=INTEGER}
  </delete>
  <insert id="insert" parameterType="com.ande.buyb2c.shop.entity.Shop" >
    insert into t_shop (shop_id, logo, shop_name, 
      shop_domain, copyright, customer_phone, 
      admin_id, create_time, update_time, 
      del_state)
    values (#{shopId,jdbcType=INTEGER}, #{logo,jdbcType=VARCHAR}, #{shopName,jdbcType=VARCHAR}, 
      #{shopDomain,jdbcType=VARCHAR}, #{copyright,jdbcType=VARCHAR}, #{customerPhone,jdbcType=VARCHAR}, 
      #{adminId,jdbcType=INTEGER}, #{createTime,jdbcType=TIMESTAMP}, #{updateTime,jdbcType=TIMESTAMP}, 
      #{delState,jdbcType=CHAR})
  </insert>
  <insert id="insertSelective" parameterType="com.ande.buyb2c.shop.entity.Shop" >
    insert into t_shop
    <trim prefix="(" suffix=")" suffixOverrides="," >
      <if test="shopId != null" >
        shop_id,
      </if>
      <if test="logo != null" >
        logo,
      </if>
      <if test="shopName != null" >
        shop_name,
      </if>
      <if test="shopDomain != null" >
        shop_domain,
      </if>
      <if test="copyright != null" >
        copyright,
      </if>
      <if test="customerPhone != null" >
        customer_phone,
      </if>
      <if test="adminId != null" >
        admin_id,
      </if>
      <if test="createTime != null" >
        create_time,
      </if>
      <if test="updateTime != null" >
        update_time,
      </if>
      <if test="delState != null" >
        del_state,
      </if>
        <if test="freeShipping != null" >
        free_shipping,
      </if>
      <if test="freeShippingPrompt != null" >
        free_shipping_prompt,
      </if>
    </trim>
    <trim prefix="values (" suffix=")" suffixOverrides="," >
      <if test="shopId != null" >
        #{shopId,jdbcType=INTEGER},
      </if>
      <if test="logo != null" >
        #{logo,jdbcType=VARCHAR},
      </if>
      <if test="shopName != null" >
        #{shopName,jdbcType=VARCHAR},
      </if>
      <if test="shopDomain != null" >
        #{shopDomain,jdbcType=VARCHAR},
      </if>
      <if test="copyright != null" >
        #{copyright,jdbcType=VARCHAR},
      </if>
      <if test="customerPhone != null" >
        #{customerPhone,jdbcType=VARCHAR},
      </if>
      <if test="adminId != null" >
        #{adminId,jdbcType=INTEGER},
      </if>
      <if test="createTime != null" >
        #{createTime,jdbcType=TIMESTAMP},
      </if>
      <if test="updateTime != null" >
        #{updateTime,jdbcType=TIMESTAMP},
      </if>
      <if test="delState != null" >
        #{delState,jdbcType=CHAR},
      </if>
       <if test="freeShipping != null" >
        #{freeShipping,jdbcType=INTEGER},
      </if>
      <if test="freeShippingPrompt != null" >
        #{freeShippingPrompt,jdbcType=INTEGER},
      </if>
    </trim>
  </insert>
  <update id="updateByPrimaryKeySelective" parameterType="com.ande.buyb2c.shop.entity.Shop" >
    update t_shop
    <set >
      <if test="logo != null" >
        logo = #{logo,jdbcType=VARCHAR},
      </if>
      <if test="shopName != null" >
        shop_name = #{shopName,jdbcType=VARCHAR},
      </if>
      <if test="shopDomain != null" >
        shop_domain = #{shopDomain,jdbcType=VARCHAR},
      </if>
      <if test="copyright != null" >
        copyright = #{copyright,jdbcType=VARCHAR},
      </if>
      <if test="customerPhone != null" >
        customer_phone = #{customerPhone,jdbcType=VARCHAR},
      </if>
      <if test="adminId != null" >
        admin_id = #{adminId,jdbcType=INTEGER},
      </if>
      <if test="createTime != null" >
        create_time = #{createTime,jdbcType=TIMESTAMP},
      </if>
      <if test="updateTime != null" >
        update_time = #{updateTime,jdbcType=TIMESTAMP},
      </if>
      <if test="delState != null" >
        del_state = #{delState,jdbcType=CHAR},
      </if>
       <if test="freeShipping != null" >
        free_shipping = #{freeShipping,jdbcType=INTEGER},
      </if>
      <if test="freeShippingPrompt != null" >
        free_shipping_prompt = #{freeShippingPrompt,jdbcType=INTEGER},
      </if>
    </set>
    where shop_id = #{shopId,jdbcType=INTEGER}
  </update>
  <update id="updateByPrimaryKey" parameterType="com.ande.buyb2c.shop.entity.Shop" >
    update t_shop
    set logo = #{logo,jdbcType=VARCHAR},
      shop_name = #{shopName,jdbcType=VARCHAR},
      shop_domain = #{shopDomain,jdbcType=VARCHAR},
      copyright = #{copyright,jdbcType=VARCHAR},
      customer_phone = #{customerPhone,jdbcType=VARCHAR},
      admin_id = #{adminId,jdbcType=INTEGER},
      create_time = #{createTime,jdbcType=TIMESTAMP},
      update_time = #{updateTime,jdbcType=TIMESTAMP},
      del_state = #{delState,jdbcType=CHAR}
    where shop_id = #{shopId,jdbcType=INTEGER}
  </update>
</mapper>