<?xml version="1.0" encoding="UTF-8" ?>
<!DOCTYPE mapper PUBLIC "-//mybatis.org//DTD Mapper 3.0//EN" "http://mybatis.org/dtd/mybatis-3-mapper.dtd" >
<mapper namespace="com.ande.buyb2c.common.city.dao.AreaMapper" >
  <resultMap id="BaseResultMap" type="com.ande.buyb2c.common.city.entity.Area" >
    <id column="id" property="id" jdbcType="INTEGER" />
    <result column="area_id" property="areaId" jdbcType="INTEGER" />
    <result column="area" property="area" jdbcType="VARCHAR" />
    <result column="city_id" property="cityId" jdbcType="INTEGER" />
  </resultMap>
  <sql id="Base_Column_List" >
    id, area_id, area, city_id
  </sql>
  <select id="getAllBySelect" resultMap="BaseResultMap">
    select 
    <include refid="Base_Column_List" />
    from t_area
    where city_id = #{cityId,jdbcType=INTEGER}
  </select>
  <select id="selectByPrimaryKey" resultMap="BaseResultMap" parameterType="java.lang.Integer" >
    select 
    <include refid="Base_Column_List" />
    from t_area
    where id = #{id,jdbcType=INTEGER}
  </select>
  <delete id="deleteByPrimaryKey" parameterType="java.lang.Integer" >
    delete from t_area
    where id = #{id,jdbcType=INTEGER}
    
  </delete>
  <insert id="insert" parameterType="com.ande.buyb2c.common.city.entity.Area" >
    insert into t_area (id, area_id, area, 
      city_id)
    values (#{id,jdbcType=INTEGER}, #{areaId,jdbcType=INTEGER}, #{area,jdbcType=VARCHAR}, 
      #{cityId,jdbcType=INTEGER})
  </insert>
  <insert id="insertSelective" parameterType="com.ande.buyb2c.common.city.entity.Area" >
    insert into t_area
    <trim prefix="(" suffix=")" suffixOverrides="," >
      <if test="id != null" >
        id,
      </if>
      <if test="areaId != null" >
        area_id,
      </if>
      <if test="area != null" >
        area,
      </if>
      <if test="cityId != null" >
        city_id,
      </if>
    </trim>
    <trim prefix="values (" suffix=")" suffixOverrides="," >
      <if test="id != null" >
        #{id,jdbcType=INTEGER},
      </if>
      <if test="areaId != null" >
        #{areaId,jdbcType=INTEGER},
      </if>
      <if test="area != null" >
        #{area,jdbcType=VARCHAR},
      </if>
      <if test="cityId != null" >
        #{cityId,jdbcType=INTEGER},
      </if>
    </trim>
  </insert>
  <update id="updateByPrimaryKeySelective" parameterType="com.ande.buyb2c.common.city.entity.Area" >
    update t_area
    <set >
      <if test="areaId != null" >
        area_id = #{areaId,jdbcType=INTEGER},
      </if>
      <if test="area != null" >
        area = #{area,jdbcType=VARCHAR},
      </if>
      <if test="cityId != null" >
        city_id = #{cityId,jdbcType=INTEGER},
      </if>
    </set>
    where id = #{id,jdbcType=INTEGER}
  </update>
  <update id="updateByPrimaryKey" parameterType="com.ande.buyb2c.common.city.entity.Area" >
    update t_area
    set area_id = #{areaId,jdbcType=INTEGER},
      area = #{area,jdbcType=VARCHAR},
      city_id = #{cityId,jdbcType=INTEGER}
    where id = #{id,jdbcType=INTEGER}
  </update>
</mapper>