<?xml version="1.0" encoding="UTF-8" ?>
<!DOCTYPE mapper PUBLIC "-//mybatis.org//DTD Mapper 3.0//EN" "http://mybatis.org/dtd/mybatis-3-mapper.dtd" >
<mapper namespace="com.ande.buyb2c.column.dao.ColumnGoodsMapper" >
  <resultMap id="BaseResultMap" type="com.ande.buyb2c.column.entity.ColumnGoods" >
    <id column="column_goods_id" property="columnGoodsId" jdbcType="INTEGER" />
    <result column="column_id" property="columnId" jdbcType="INTEGER" />
    <result column="goods_id" property="goodsId" jdbcType="INTEGER" />
    <result column="goods_no" property="goodsNo" jdbcType="VARCHAR" />
    <result column="goods_name" property="goodsName" jdbcType="VARCHAR" />
    <result column="create_time" property="createTime" jdbcType="TIMESTAMP" />
    <result column="admin_id" property="adminId" jdbcType="INTEGER" />
  </resultMap>
  <sql id="Base_Column_List" >
    column_goods_id, column_id, goods_id,create_time, admin_id
  </sql>
  <delete id="delColumnGoods"  parameterType="java.lang.String" >
  	delete from t_column_goods
    where column_goods_id in (${columnGoodsIds})
  </delete>
   <insert id="addGoodsToColumn">
 insert into t_column_goods (column_goods_id, column_id, goods_id, 
       create_time, 
      admin_id) values
<foreach collection="list" item="item" separator=",">
  (#{item.columnGoodsId,jdbcType=INTEGER}, #{item.columnId,jdbcType=INTEGER}, #{item.goodsId,jdbcType=INTEGER}, 
        #{item.createTime,jdbcType=TIMESTAMP}, 
      #{item.adminId,jdbcType=INTEGER})
</foreach>
</insert>
<select id="getPage" resultMap="BaseResultMap">
  select 
    cg.column_goods_id, cg.column_id, cg.goods_id,
    cg.create_time, cg.admin_id,
     g.goods_no, g.goods_name
    from t_column_goods cg
    left join t_goods g
    on g.goods_id=cg.goods_id
    where column_id=#{columnId} and g.del_state=2
<if test="goodsName!=null and goodsName!=''">
and g.goods_name=LIKE concat('%',#{goodsName},'%') or g.goods_no=#{goodsName}
</if>
order by create_time desc
</select>
  <select id="selectByPrimaryKey" resultMap="BaseResultMap" parameterType="java.lang.Integer" >
    select 
    <include refid="Base_Column_List" />
    from t_column_goods
    where column_goods_id = #{columnGoodsId,jdbcType=INTEGER}
  </select>
    <delete id="deleteByColumnId" parameterType="java.lang.Integer" >
    delete from t_column_goods
    where column_id = #{columnId,jdbcType=INTEGER}
  </delete>
  <delete id="deleteByPrimaryKey" parameterType="java.lang.Integer" >
    delete from t_column_goods
    where column_goods_id = #{columnGoodsId,jdbcType=INTEGER}
  </delete>
  <insert id="insertSelective" parameterType="com.ande.buyb2c.column.entity.ColumnGoods" >
    insert into t_column_goods
    <trim prefix="(" suffix=")" suffixOverrides="," >
      <if test="columnGoodsId != null" >
        column_goods_id,
      </if>
      <if test="columnId != null" >
        column_id,
      </if>
      <if test="goodsId != null" >
        goods_id,
      </if>
      <if test="createTime != null" >
        create_time,
      </if>
      <if test="adminId != null" >
        admin_id,
      </if>
    </trim>
    <trim prefix="values (" suffix=")" suffixOverrides="," >
      <if test="columnGoodsId != null" >
        #{columnGoodsId,jdbcType=INTEGER},
      </if>
      <if test="columnId != null" >
        #{columnId,jdbcType=INTEGER},
      </if>
      <if test="goodsId != null" >
        #{goodsId,jdbcType=INTEGER},
      </if>
      <if test="createTime != null" >
        #{createTime,jdbcType=TIMESTAMP},
      </if>
      <if test="adminId != null" >
        #{adminId,jdbcType=INTEGER},
      </if>
    </trim>
  </insert>
  <update id="updateByPrimaryKeySelective" parameterType="com.ande.buyb2c.column.entity.ColumnGoods" >
    update t_column_goods
    <set >
      <if test="columnId != null" >
        column_id = #{columnId,jdbcType=INTEGER},
      </if>
      <if test="goodsId != null" >
        goods_id = #{goodsId,jdbcType=INTEGER},
      </if>
      <if test="createTime != null" >
        create_time = #{createTime,jdbcType=TIMESTAMP},
      </if>
      <if test="adminId != null" >
        admin_id = #{adminId,jdbcType=INTEGER},
      </if>
    </set>
    where column_goods_id = #{columnGoodsId,jdbcType=INTEGER}
  </update>
</mapper>