<?xml version="1.0" encoding="UTF-8" ?>
<!DOCTYPE mapper PUBLIC "-//mybatis.org//DTD Mapper 3.0//EN" "http://mybatis.org/dtd/mybatis-3-mapper.dtd" >
<mapper namespace="com.ande.buyb2c.attribute.dao.AttributeTypeAttributeMapper" >
  <resultMap id="BaseResultMap" type="com.ande.buyb2c.attribute.entity.AttributeTypeAttribute" >
    <id column="attribute_type_attribute_id" property="attributeTypeAttributeId" jdbcType="INTEGER" />
    <result column="attribute_type_id" property="attributeTypeId" jdbcType="INTEGER" />
    <result column="attribute_id" property="attributeId" jdbcType="INTEGER" />
    <result column="attribute_name" property="attributeName" jdbcType="VARCHAR" />
     <result column="remarks" property="remarks" jdbcType="VARCHAR" />
    <result column="attribute_type_parent_id" property="attributeTypeParentId" jdbcType="INTEGER" />
    <result column="attribute_type_grand_parent_id" property="attributeTypeGrandParentId" jdbcType="INTEGER" />
    <result column="create_time" property="createTime" jdbcType="TIMESTAMP" />
    <result column="admin_id" property="adminId" jdbcType="INTEGER" />
  </resultMap>
  <sql id="Base_Column_List" >
    attribute_type_attribute_id, attribute_type_id, attribute_id,attribute_type_parent_id, 
    attribute_type_grand_parent_id, create_time, admin_id
  </sql>
  <select id="selectByPrimaryKey" resultMap="BaseResultMap" parameterType="java.lang.Integer" >
    select 
    <include refid="Base_Column_List" />
    from t_attribute_type_attribute
    where attribute_type_attribute_id = #{id,jdbcType=INTEGER}
  </select>
  <select id="ifCanDel" resultMap="BaseResultMap">
   select 
    <include refid="Base_Column_List" />
    from t_attribute_type_attribute
    where 1=1
    <if test="level==1">
     and attribute_type_grand_parent_id = #{attributeTypeId,jdbcType=INTEGER}
    </if>
       <if test="level==2">
     and attribute_type_parent_id = #{attributeTypeId,jdbcType=INTEGER}
    </if>
    <if test="level==3">
     and attribute_type_id = #{attributeTypeId,jdbcType=INTEGER}
    </if>
  </select>
  <resultMap type="com.ande.buyb2c.attribute.vo.AttributeVo" id="attributeVo">
  <result column="attribute_id" property="attributeId" jdbcType="INTEGER" />
  <result column="attribute_name" property="attributeName" jdbcType="VARCHAR" />
  <result column="attribute_type" property="attributeType" jdbcType="VARCHAR" />
  <collection property="attributeValList" ofType="com.ande.buyb2c.attribute.vo.AttributeValVo">
  <result column="attribute_id2" property="attributeId" jdbcType="INTEGER" />
  	 <result column="attribute_val" property="attributeVal" jdbcType="VARCHAR" />
 	 <result column="attribute_val_id" property="attributeValId" jdbcType="INTEGER" />
 	<!-- <result column="attribute_name" property="attributeName" jdbcType="VARCHAR" />
  	<result column="attribute_type" property="attributeType" jdbcType="VARCHAR" /> -->
  </collection>
  </resultMap>
 <select id="getAttributeTypeAttributeList" resultMap="attributeVo">
  select 
   a.attribute_id,
   a.attribute_name,
   a.attribute_type,
   v.attribute_id as attribute_id2,
   v.attribute_val,
   v.attribute_val_id
    from t_attribute_type_attribute ata
left join t_attribute a
on a.attribute_id=ata.attribute_id 
left join 
t_attribute_val v
on v.attribute_id=a.attribute_id
where ata.attribute_type_id=#{attributeTypeId}
 and ((v.attribute_id is not null and v.attribute_val_id is not null and attribute_type=1) or attribute_type=2)
 </select>
  <select id="getAttributeListRight" resultMap="BaseResultMap">
   select 
     ata.attribute_type_attribute_id, ata.attribute_type_id, ata.attribute_id, a.attribute_name,a.remarks, ata.attribute_type_parent_id, 
    ata.attribute_type_grand_parent_id, ata.create_time, ata.admin_id
    from t_attribute_type_attribute ata
    left join t_attribute a
    on ata.attribute_id=a.attribute_id
    where ata.attribute_type_id = #{attributeTypeId,jdbcType=INTEGER}
    order by ata.create_time desc
  </select>
  
    <delete id="delBatch">
   delete from t_attribute_type_attribute
    where attribute_type_attribute_id in (${attributeTypeAttributeIds})
  </delete>
  
<insert id="addBatch">
insert into t_attribute_type_attribute (attribute_type_attribute_id, attribute_type_id, 
      attribute_id,  attribute_type_parent_id, 
      attribute_type_grand_parent_id, create_time, 
      admin_id)
    values 
      <foreach collection="list" item="item" separator=",">
    (#{item.attributeTypeAttributeId,jdbcType=INTEGER}, #{item.attributeTypeId,jdbcType=INTEGER}, 
      #{item.attributeId,jdbcType=INTEGER},#{item.attributeTypeParentId,jdbcType=INTEGER}, 
      #{item.attributeTypeGrandParentId,jdbcType=INTEGER}, #{item.createTime,jdbcType=TIMESTAMP}, 
      #{item.adminId,jdbcType=INTEGER})
      </foreach>
</insert>
  <delete id="deleteByPrimaryKey" parameterType="java.lang.Integer" >
    delete from t_attribute_type_attribute
    where attribute_type_attribute_id = #{id,jdbcType=INTEGER}
  </delete>
  <insert id="insert" parameterType="com.ande.buyb2c.attribute.entity.AttributeTypeAttribute" >
    insert into t_attribute_type_attribute (attribute_type_attribute_id, attribute_type_id, 
      attribute_id, attribute_type_parent_id, 
      attribute_type_grand_parent_id, create_time, 
      admin_id)
    values (#{attributeTypeAttributeId,jdbcType=INTEGER}, #{attributeTypeId,jdbcType=INTEGER}, 
      #{attributeId,jdbcType=INTEGER},  #{attributeTypeParentId,jdbcType=INTEGER}, 
      #{attributeTypeGrandParentId,jdbcType=INTEGER}, #{createTime,jdbcType=TIMESTAMP}, 
      #{adminId,jdbcType=INTEGER})
  </insert>
  <insert id="insertSelective" parameterType="com.ande.buyb2c.attribute.entity.AttributeTypeAttribute" >
    insert into t_attribute_type_attribute
    <trim prefix="(" suffix=")" suffixOverrides="," >
      <if test="attributeTypeAttributeId != null" >
        attribute_type_attribute_id,
      </if>
      <if test="attributeTypeId != null" >
        attribute_type_id,
      </if>
      <if test="attributeId != null" >
        attribute_id,
      </if>
      <if test="attributeTypeParentId != null" >
        attribute_type_parent_id,
      </if>
      <if test="attributeTypeGrandParentId != null" >
        attribute_type_grand_parent_id,
      </if>
      <if test="createTime != null" >
        create_time,
      </if>
      <if test="adminId != null" >
        admin_id,
      </if>
    </trim>
    <trim prefix="values (" suffix=")" suffixOverrides="," >
      <if test="attributeTypeAttributeId != null" >
        #{attributeTypeAttributeId,jdbcType=INTEGER},
      </if>
      <if test="attributeTypeId != null" >
        #{attributeTypeId,jdbcType=INTEGER},
      </if>
      <if test="attributeId != null" >
        #{attributeId,jdbcType=INTEGER},
      </if>
      <if test="attributeName != null" >
        #{attributeName,jdbcType=VARCHAR},
      </if>
      <if test="attributeTypeParentId != null" >
        #{attributeTypeParentId,jdbcType=INTEGER},
      </if>
      <if test="attributeTypeGrandParentId != null" >
        #{attributeTypeGrandParentId,jdbcType=INTEGER},
      </if>
      <if test="createTime != null" >
        #{createTime,jdbcType=TIMESTAMP},
      </if>
      <if test="adminId != null" >
        #{adminId,jdbcType=INTEGER},
      </if>
    </trim>
  </insert>
  <update id="updateByPrimaryKeySelective" parameterType="com.ande.buyb2c.attribute.entity.AttributeTypeAttribute" >
    update t_attribute_type_attribute
    <set >
      <if test="attributeTypeId != null" >
        attribute_type_id = #{attributeTypeId,jdbcType=INTEGER},
      </if>
      <if test="attributeId != null" >
        attribute_id = #{attributeId,jdbcType=INTEGER},
      </if>
      <if test="attributeTypeParentId != null" >
        attribute_type_parent_id = #{attributeTypeParentId,jdbcType=INTEGER},
      </if>
      <if test="attributeTypeGrandParentId != null" >
        attribute_type_grand_parent_id = #{attributeTypeGrandParentId,jdbcType=INTEGER},
      </if>
      <if test="createTime != null" >
        create_time = #{createTime,jdbcType=TIMESTAMP},
      </if>
      <if test="adminId != null" >
        admin_id = #{adminId,jdbcType=INTEGER},
      </if>
    </set>
    where attribute_type_attribute_id = #{attributeTypeAttributeId,jdbcType=INTEGER}
  </update>
  <update id="updateByPrimaryKey" parameterType="com.ande.buyb2c.attribute.entity.AttributeTypeAttribute" >
    update t_attribute_type_attribute
    set attribute_type_id = #{attributeTypeId,jdbcType=INTEGER},
      attribute_id = #{attributeId,jdbcType=INTEGER},
      attribute_type_parent_id = #{attributeTypeParentId,jdbcType=INTEGER},
      attribute_type_grand_parent_id = #{attributeTypeGrandParentId,jdbcType=INTEGER},
      create_time = #{createTime,jdbcType=TIMESTAMP},
      admin_id = #{adminId,jdbcType=INTEGER}
    where attribute_type_attribute_id = #{attributeTypeAttributeId,jdbcType=INTEGER}
  </update>
</mapper>