<?xml version="1.0" encoding="UTF-8" ?>
<!DOCTYPE mapper PUBLIC "-//mybatis.org//DTD Mapper 3.0//EN" "http://mybatis.org/dtd/mybatis-3-mapper.dtd" >
<mapper namespace="com.ande.buyb2c.attribute.dao.AttributeValMapper" >
  <resultMap id="BaseResultMap" type="com.ande.buyb2c.attribute.entity.AttributeVal" >
    <id column="attribute_val_id" property="attributeValId" jdbcType="INTEGER" />
    <result column="attribute_val" property="attributeVal" jdbcType="VARCHAR" />
    <result column="attribute_id" property="attributeId" jdbcType="INTEGER" />
    <result column="admin_id" property="adminId" jdbcType="INTEGER" />
  </resultMap>
  <sql id="Base_Column_List" >
    attribute_val_id, attribute_val, attribute_id, admin_id
  </sql>
  <select id="selectByPrimaryKey" resultMap="BaseResultMap" parameterType="java.lang.Integer" >
    select 
    <include refid="Base_Column_List" />
    from t_attribute_val
    where attribute_val_id = #{attributeValId,jdbcType=INTEGER}
  </select>
  <delete id="delAttribute">
   delete from t_attribute_val
    where attribute_val_id in (${attributeValIds})
  </delete>
  <insert id="addBatch">
   insert into t_attribute_val (attribute_val_id, attribute_val, attribute_id, 
      admin_id)
    values
    <foreach collection="list" item="item" separator=",">
(#{item.attributeValId,jdbcType=INTEGER}, #{item.attributeVal,jdbcType=VARCHAR}, #{item.attributeId,jdbcType=INTEGER}, 
      #{item.adminId,jdbcType=INTEGER})
</foreach>
  </insert>
  <update id="updateBatch">
	update t_attribute_val
	<trim prefix="set" suffixOverrides=",">
   		<trim prefix="attribute_val_id =case" suffix="end,">
	                 <foreach collection="list" item="i" index="index">
	                         <if test="i.attributeValId != null">
	                          when attribute_val_id=#{i.attributeValId} then #{i.attributeValId}
	                         </if>
	                 </foreach>
	     </trim>
	     <trim prefix="attribute_val =case" suffix="end,">
	                 <foreach collection="list" item="i" index="index">
	                         <if test="i.attributeVal != null">
	                          when attribute_val_id=#{i.attributeValId} then #{i.attributeVal}
	                         </if>
	                 </foreach>
	     </trim>
   </trim>
   where
         <foreach collection="list" separator="or" item="i" index="index" >
             attribute_val_id=#{i.attributeValId}
          </foreach>  
	</update>
  <delete id="deleteByPrimaryKey" parameterType="java.lang.Integer" >
    delete from t_attribute_val
    where attribute_id = #{id,jdbcType=INTEGER}
  </delete>
  <insert id="insertSelective" parameterType="com.ande.buyb2c.attribute.entity.AttributeVal" >
    insert into t_attribute_val
    <trim prefix="(" suffix=")" suffixOverrides="," >
      <if test="attributeValId != null" >
        attribute_val_id,
      </if>
      <if test="attributeVal != null" >
        attribute_val,
      </if>
      <if test="attributeId != null" >
        attribute_id,
      </if>
      <if test="adminId != null" >
        admin_id,
      </if>
    </trim>
    <trim prefix="values (" suffix=")" suffixOverrides="," >
      <if test="attributeValId != null" >
        #{attributeValId,jdbcType=INTEGER},
      </if>
      <if test="attributeVal != null" >
        #{attributeVal,jdbcType=VARCHAR},
      </if>
      <if test="attributeId != null" >
        #{attributeId,jdbcType=INTEGER},
      </if>
      <if test="adminId != null" >
        #{adminId,jdbcType=INTEGER},
      </if>
    </trim>
  </insert>
  <update id="updateByPrimaryKeySelective" parameterType="com.ande.buyb2c.attribute.entity.AttributeVal" >
    update t_attribute_val
    <set >
      <if test="attributeVal != null" >
        attribute_val = #{attributeVal,jdbcType=VARCHAR},
      </if>
      <if test="attributeId != null" >
        attribute_id = #{attributeId,jdbcType=INTEGER},
      </if>
      <if test="adminId != null" >
        admin_id = #{adminId,jdbcType=INTEGER},
      </if>
    </set>
    where attribute_val_id = #{attributeValId,jdbcType=INTEGER}
  </update>
  <update id="updateByPrimaryKey" parameterType="com.ande.buyb2c.attribute.entity.AttributeVal" >
    update t_attribute_val
    set attribute_val = #{attributeVal,jdbcType=VARCHAR},
      attribute_id = #{attributeId,jdbcType=INTEGER},
      admin_id = #{adminId,jdbcType=INTEGER}
    where attribute_val_id = #{attributeValId,jdbcType=INTEGER}
  </update>
</mapper>