<?xml version="1.0" encoding="UTF-8" ?>
<!DOCTYPE mapper PUBLIC "-//mybatis.org//DTD Mapper 3.0//EN" "http://mybatis.org/dtd/mybatis-3-mapper.dtd" >
<mapper namespace="com.ande.buyb2c.order.dao.OrderAttributeMapper" >
  <resultMap id="BaseResultMap" type="com.ande.buyb2c.order.entity.OrderAttribute" >
    <id column="order_attribute_id" property="orderAttributeId" jdbcType="INTEGER" />
    <result column="order_id" property="orderId" jdbcType="INTEGER" />
    <result column="goods_id" property="goodsId" jdbcType="INTEGER" />
    <result column="attribute_id" property="attributeId" jdbcType="INTEGER" />
    <result column="attribute_val_id" property="attributeValId" jdbcType="INTEGER" />
    <result column="create_time" property="createTime" jdbcType="TIMESTAMP" />
    <result column="customer_id" property="customerId" jdbcType="INTEGER" />
  </resultMap>
  <sql id="Base_Column_List" >
    order_attribute_id, order_id,goods_id, attribute_id, attribute_val_id, 
    create_time, customer_id
  </sql>
  <select id="selectByPrimaryKey" resultMap="BaseResultMap" parameterType="java.lang.Integer" >
    select 
    <include refid="Base_Column_List" />
    from t_order_attribute
    where order_attribute_id = #{id,jdbcType=INTEGER}
  </select>
  <delete id="deleteByPrimaryKey" parameterType="java.lang.Integer" >
    delete from t_order_attribute
    where order_attribute_id = #{id,jdbcType=INTEGER}
  </delete>
   <insert id="addBatch">
   insert into t_order_attribute (order_attribute_id, order_id,
      goods_id, attribute_id, attribute_val_id, 
      create_time, customer_id) values
	<foreach collection="list" item="item" separator=",">
	(#{item.orderAttributeId,jdbcType=INTEGER}, #{item.orderId,jdbcType=INTEGER}, 
	      #{item.goodsId,jdbcType=INTEGER}, #{item.attributeId,jdbcType=INTEGER}, #{item.attributeValId,jdbcType=INTEGER}, 
	      #{item.createTime,jdbcType=TIMESTAMP}, #{item.customerId,jdbcType=INTEGER})
	</foreach>
</insert>
 
  <insert id="insertSelective" parameterType="com.ande.buyb2c.order.entity.OrderAttribute" >
    insert into t_order_attribute
    <trim prefix="(" suffix=")" suffixOverrides="," >
      <if test="orderAttributeId != null" >
        order_attribute_id,
      </if>
      <if test="orderId != null" >
        order_id,
      </if>
     
      <if test="goodsId != null" >
        goods_id,
      </if>
      <if test="attributeId != null" >
        attribute_id,
      </if>
      <if test="attributeValId != null" >
        attribute_val_id,
      </if>
      <if test="createTime != null" >
        create_time,
      </if>
      <if test="customerId != null" >
        customer_id,
      </if>
    </trim>
    <trim prefix="values (" suffix=")" suffixOverrides="," >
      <if test="orderAttributeId != null" >
        #{orderAttributeId,jdbcType=INTEGER},
      </if>
      <if test="orderId != null" >
        #{orderId,jdbcType=INTEGER},
      </if>
    
      <if test="goodsId != null" >
        #{goodsId,jdbcType=INTEGER},
      </if>
      <if test="attributeId != null" >
        #{attributeId,jdbcType=INTEGER},
      </if>
      <if test="attributeValId != null" >
        #{attributeValId,jdbcType=INTEGER},
      </if>
      <if test="createTime != null" >
        #{createTime,jdbcType=TIMESTAMP},
      </if>
      <if test="customerId != null" >
        #{customerId,jdbcType=INTEGER},
      </if>
    </trim>
  </insert>
  <update id="updateByPrimaryKeySelective" parameterType="com.ande.buyb2c.order.entity.OrderAttribute" >
    update t_order_attribute
    <set >
      <if test="orderId != null" >
        order_id = #{orderId,jdbcType=INTEGER},
      </if>
      
      <if test="goodsId != null" >
        goods_id = #{goodsId,jdbcType=INTEGER},
      </if>
      <if test="attributeId != null" >
        attribute_id = #{attributeId,jdbcType=INTEGER},
      </if>
      <if test="attributeValId != null" >
        attribute_val_id = #{attributeValId,jdbcType=INTEGER},
      </if>
      <if test="createTime != null" >
        create_time = #{createTime,jdbcType=TIMESTAMP},
      </if>
      <if test="customerId != null" >
        customer_id = #{customerId,jdbcType=INTEGER},
      </if>
    </set>
    where order_attribute_id = #{orderAttributeId,jdbcType=INTEGER}
  </update>
  <update id="updateByPrimaryKey" parameterType="com.ande.buyb2c.order.entity.OrderAttribute" >
    update t_order_attribute
    set order_id = #{orderId,jdbcType=INTEGER},
      goods_id = #{goodsId,jdbcType=INTEGER},
      attribute_id = #{attributeId,jdbcType=INTEGER},
      attribute_val_id = #{attributeValId,jdbcType=INTEGER},
      create_time = #{createTime,jdbcType=TIMESTAMP},
      customer_id = #{customerId,jdbcType=INTEGER}
    where order_attribute_id = #{orderAttributeId,jdbcType=INTEGER}
  </update>
</mapper>