<?xml version="1.0" encoding="UTF-8"?>
<configuration debug="false">
    <!--定义日志文件的存储地址 勿在 LogBack 的配置中使用相对路径-->
    <property name="LOG_HOME" value="/test/log" />
    <!-- 控制台输出 -->
    <appender name="STDOUT" class="ch.qos.logback.core.ConsoleAppender">
        <encoder class="ch.qos.logback.classic.encoder.PatternLayoutEncoder">
            <!--格式化输出：%d表示日期，%thread表示线程名，%-5level：级别从左显示5个字符宽度%msg：日志消息，%n是换行符-->
            <pattern>%d{yyyy-MM-dd HH:mm:ss.SSS} [%thread] %-5level %logger{50} - %msg%n</pattern>
        </encoder>
    </appender>
    <!-- 按照每天生成日志文件 -->
    <appender name="FILE"  class="ch.qos.logback.core.rolling.RollingFileAppender">
        <rollingPolicy class="ch.qos.logback.core.rolling.TimeBasedRollingPolicy">
            <!--日志文件输出的文件名-->
            <FileNamePattern>${LOG_HOME}/TestWeb.log.%d{yyyy-MM-dd}.log</FileNamePattern>
            <!--日志文件保留天数-->
            <MaxHistory>1</MaxHistory>
        </rollingPolicy>
        <encoder class="ch.qos.logback.classic.encoder.PatternLayoutEncoder">
            <!--格式化输出：%d表示日期，%thread表示线程名，%-5level：级别从左显示5个字符宽度%msg：日志消息，%n是换行符-->
            <pattern>%d{yyyy-MM-dd HH:mm:ss.SSS} [%thread] %-5level %logger{50} - %msg%n</pattern>
        </encoder>
        <!--日志文件最大的大小-->
        <triggeringPolicy class="ch.qos.logback.core.rolling.SizeBasedTriggeringPolicy">
            <MaxFileSize>10MB</MaxFileSize>
        </triggeringPolicy>
    </appender>
    <!-- show parameters for hibernate sql 专为 Hibernate 定制 -->
   <!--  <logger name="org.hibernate.type.descriptor.sql.BasicBinder"  level="TRACE" />
    <logger name="org.hibernate.type.descriptor.sql.BasicExtractor"  level="DEBUG" />
    <logger name="org.hibernate.SQL" level="DEBUG" />
    <logger name="org.hibernate.engine.QueryParameters" level="DEBUG" />
    <logger name="org.hibernate.engine.query.HQLQueryPlan" level="DEBUG" /> -->

    <!--myibatis log configure-->
   <!--  <logger name="com.apache.ibatis" level="INFO"/>
    <logger name="java.sql.Connection" level="INFO"/>
    <logger name="java.sql.Statement" level="INFO"/>
    <logger name="java.sql.PreparedStatement" level="INFO"/>
 -->
 <!-- sql打印 -->
 <logger name="com.ande.buyb2c" level="DEBUG"/>
	<!-- <logger name="org.mybatis.spring" level="DEBUG" />
	<logger name="org.apache.ibatis" level="DEBUG" />
	<logger name="java.sql.PreparedStatement" level="DEBUG" />
	<logger name="java.sql.Statement" level="DEBUG" />
	<logger name="java.sql.Connection" level="DEBUG" />
	<logger name="java.sql.ResultSet" level="DEBUG" />
	
	<logger name="com.alibaba" level="INFO" />
	<logger name="org.apache.commons" level="INFO" />
	<logger name="org.apache.zookeeper" level="INFO" />
	<logger name="org.springframework" level="INFO" />
	<logger name="org.quartz" level="INFO" /> -->
    
    <!--日志异步到数据库 -->
<!--     <appender name="DB" class="ch.qos.logback.classic.db.DBAppender">
        <connectionSource class="ch.qos.logback.core.db.DataSourceConnectionSource">
            <dataSource class="com.alibaba.druid.pool.DruidDataSource">
                <driverClass>com.mysql.jdbc.Driver</driverClass>
                <url>jdbc:mysql://120.24.216.216:3306/common</url>
                <user>root</user>
                <password>blackboxAndes1024</password>
            </dataSource>
        </connectionSource>
    </appender> -->
     <!-- 日志输出级别 -->
    <root level="INFO">
        <appender-ref ref="STDOUT" />
        <appender-ref ref="FILE" />
    </root>
</configuration>