<?xml version="1.0" encoding="UTF-8" ?>
<!DOCTYPE mapper PUBLIC "-//mybatis.org//DTD Mapper 3.0//EN" "http://mybatis.org/dtd/mybatis-3-mapper.dtd" >
<mapper namespace="com.ande.buyb2c.advert.dao.AdvertPositionMapper" >
  <resultMap id="BaseResultMap" type="com.ande.buyb2c.advert.entity.AdvertPosition" >
    <id column="advert_position_id" property="advertPositionId" jdbcType="INTEGER" />
    <result column="advert_name" property="advertName" jdbcType="VARCHAR" />
    <result column="create_time" property="createTime" jdbcType="TIMESTAMP" />
    <result column="is_show" property="isShow" jdbcType="CHAR" />
    <result column="admin_id" property="adminId" jdbcType="INTEGER" />
  </resultMap>
  <sql id="Base_Column_List" >
    advert_position_id, advert_name, create_time, is_show, admin_id
  </sql>
<resultMap type="com.ande.buyb2c.advert.entity.AdvertPosition" id="ad" extends="BaseResultMap">
  	<collection property="list" ofType="com.ande.buyb2c.advert.entity.AdvertPositionDetail">
  		<id column="advert_position_detail_id" property="advertPositionDetailId" jdbcType="INTEGER" />
    <result column="image" property="image" jdbcType="VARCHAR" />
    <result column="link" property="link" jdbcType="VARCHAR" />
    <result column="advert_position_id2" property="advertPositionId" jdbcType="INTEGER" />
  	</collection>
  </resultMap>
  <select id="selectByPrimaryKey" resultMap="ad" parameterType="java.lang.Integer" >
    select 
  	p.advert_position_id, advert_name, create_time, is_show,admin_id,
  	advert_position_detail_id, image, link, d.advert_position_id as advert_position_id2
    from t_advert_position p
    left join t_advert_position_detail d
on p.advert_position_id=d.advert_position_id
    where p.advert_position_id = #{id,jdbcType=INTEGER}
  </select>
  <delete id="deleteByPrimaryKey" parameterType="java.lang.Integer" >
    delete from t_advert_position
    where advert_position_id = #{id,jdbcType=INTEGER}
  </delete>
  <insert id="insert" parameterType="com.ande.buyb2c.advert.entity.AdvertPosition">
    insert into t_advert_position (advert_position_id, advert_name, create_time, 
      is_show, admin_id)
    values (#{advertPositionId,jdbcType=INTEGER}, #{advertName,jdbcType=VARCHAR}, #{createTime,jdbcType=TIMESTAMP}, 
      #{isShow,jdbcType=CHAR}, #{adminId,jdbcType=INTEGER})
  </insert>
  <insert id="insertSelective" parameterType="com.ande.buyb2c.advert.entity.AdvertPosition" useGeneratedKeys="true" keyProperty="advertPositionId">
    insert into t_advert_position
    <trim prefix="(" suffix=")" suffixOverrides="," >
      <if test="advertPositionId != null" >
        advert_position_id,
      </if>
      <if test="advertName != null" >
        advert_name,
      </if>
      <if test="createTime != null" >
        create_time,
      </if>
      <if test="isShow != null" >
        is_show,
      </if>
      <if test="adminId != null" >
        admin_id,
      </if>
    </trim>
    <trim prefix="values (" suffix=")" suffixOverrides="," >
      <if test="advertPositionId != null" >
        #{advertPositionId,jdbcType=INTEGER},
      </if>
      <if test="advertName != null" >
        #{advertName,jdbcType=VARCHAR},
      </if>
      <if test="createTime != null" >
        #{createTime,jdbcType=TIMESTAMP},
      </if>
      <if test="isShow != null" >
        #{isShow,jdbcType=CHAR},
      </if>
      <if test="adminId != null" >
        #{adminId,jdbcType=INTEGER},
      </if>
    </trim>
  </insert>
  <update id="updateByPrimaryKeySelective" parameterType="com.ande.buyb2c.advert.entity.AdvertPosition" >
    update t_advert_position
    <set >
      <if test="advertName != null" >
        advert_name = #{advertName,jdbcType=VARCHAR},
      </if>
      <if test="createTime != null" >
        create_time = #{createTime,jdbcType=TIMESTAMP},
      </if>
      <if test="isShow != null" >
        is_show = #{isShow,jdbcType=CHAR},
      </if>
      <if test="adminId != null" >
        admin_id = #{adminId,jdbcType=INTEGER},
      </if>
    </set>
    where advert_position_id = #{advertPositionId,jdbcType=INTEGER}
  </update>
  <update id="updateByPrimaryKey" parameterType="com.ande.buyb2c.advert.entity.AdvertPosition" >
    update t_advert_position
    set advert_name = #{advertName,jdbcType=VARCHAR},
      create_time = #{createTime,jdbcType=TIMESTAMP},
      is_show = #{isShow,jdbcType=CHAR},
      admin_id = #{adminId,jdbcType=INTEGER}
    where advert_position_id = #{advertPositionId,jdbcType=INTEGER}
  </update>
</mapper>