<?xml version="1.0" encoding="UTF-8" ?>
<!DOCTYPE mapper PUBLIC "-//mybatis.org//DTD Mapper 3.0//EN" "http://mybatis.org/dtd/mybatis-3-mapper.dtd" >
<mapper namespace="com.ande.buyb2c.advert.dao.AdvertPositionDetailMapper" >
  <resultMap id="BaseResultMap" type="com.ande.buyb2c.advert.entity.AdvertPositionDetail" >
    <id column="advert_position_detail_id" property="advertPositionDetailId" jdbcType="INTEGER" />
    <result column="image" property="image" jdbcType="VARCHAR" />
    <result column="link" property="link" jdbcType="VARCHAR" />
    <result column="advert_position_id" property="advertPositionId" jdbcType="INTEGER" />
  </resultMap>
  <sql id="Base_Column_List" >
    advert_position_detail_id, image, link, advert_position_id
  </sql>
  <select id="selectByPrimaryKey" resultMap="BaseResultMap" parameterType="java.lang.Integer" >
    select 
    <include refid="Base_Column_List" />
    from t_advert_position_detail
    where advert_position_detail_id = #{advertPositionDetailId,jdbcType=INTEGER}
  </select>
  <delete id="deleteByPrimaryKey" parameterType="java.lang.Integer" >
    delete from t_advert_position_detail
    where advert_position_detail_id = #{advertPositionDetailId,jdbcType=INTEGER}
  </delete>
   <insert id="addBatch">
 insert into t_advert_position_detail (advert_position_detail_id, image, link, 
      advert_position_id) values
<foreach collection="list" item="item" separator=",">
 (#{item.advertPositionDetailId,jdbcType=INTEGER}, #{item.image,jdbcType=VARCHAR}, #{item.link,jdbcType=VARCHAR}, 
      #{item.advertPositionId,jdbcType=INTEGER})
</foreach>
</insert>
<update id="updateBatch">
	update t_advert_position_detail
	<trim prefix="set" suffixOverrides=",">
   		<trim prefix="image =case" suffix="end,">
	                 <foreach collection="list" item="i" index="index">
	                         <if test="i.image != null">
	                          when advert_position_detail_id=#{i.advertPositionDetailId} then #{i.image}
	                         </if>
	                 </foreach>
	     </trim>
	     <trim prefix="link =case" suffix="end,">
	                 <foreach collection="list" item="i" index="index">
	                         <if test="i.link != null">
	                          when advert_position_detail_id=#{i.advertPositionDetailId} then #{i.link}
	                         </if>
	                 </foreach>
	     </trim>
   </trim>
   where
         <foreach collection="list" separator="or" item="i" index="index" >
             advert_position_detail_id=#{i.advertPositionDetailId}
          </foreach>  
	</update>
<delete id="del">
 delete from t_advert_position_detail
    where advert_position_detail_id in (${ids})
</delete>
  <insert id="insert" parameterType="com.ande.buyb2c.advert.entity.AdvertPositionDetail" >
    insert into t_advert_position_detail (advert_position_detail_id, image, link, 
      advert_position_id)
    values (#{advertPositionDetailId,jdbcType=INTEGER}, #{image,jdbcType=VARCHAR}, #{link,jdbcType=VARCHAR}, 
      #{advertPositionId,jdbcType=INTEGER})
  </insert>
  <insert id="insertSelective" parameterType="com.ande.buyb2c.advert.entity.AdvertPositionDetail" >
    insert into t_advert_position_detail
    <trim prefix="(" suffix=")" suffixOverrides="," >
      <if test="advertPositionDetailId != null" >
        advert_position_detail_id,
      </if>
      <if test="image != null" >
        image,
      </if>
      <if test="link != null" >
        link,
      </if>
      <if test="advertPositionId != null" >
        advert_position_id,
      </if>
    </trim>
    <trim prefix="values (" suffix=")" suffixOverrides="," >
      <if test="advertPositionDetailId != null" >
        #{advertPositionDetailId,jdbcType=INTEGER},
      </if>
      <if test="image != null" >
        #{image,jdbcType=VARCHAR},
      </if>
      <if test="link != null" >
        #{link,jdbcType=VARCHAR},
      </if>
      <if test="advertPositionId != null" >
        #{advertPositionId,jdbcType=INTEGER},
      </if>
    </trim>
  </insert>
  <update id="updateByPrimaryKeySelective" parameterType="com.ande.buyb2c.advert.entity.AdvertPositionDetail" >
    update t_advert_position_detail
    <set >
      <if test="image != null" >
        image = #{image,jdbcType=VARCHAR},
      </if>
      <if test="link != null" >
        link = #{link,jdbcType=VARCHAR},
      </if>
      <if test="advertPositionId != null" >
        advert_position_id = #{advertPositionId,jdbcType=INTEGER},
      </if>
    </set>
    where advert_position_detail_id = #{advertPositionDetailId,jdbcType=INTEGER}
  </update>
  <update id="updateByPrimaryKey" parameterType="com.ande.buyb2c.advert.entity.AdvertPositionDetail" >
    update t_advert_position_detail
    set image = #{image,jdbcType=VARCHAR},
      link = #{link,jdbcType=VARCHAR},
      advert_position_id = #{advertPositionId,jdbcType=INTEGER}
    where advert_position_detail_id = #{advertPositionDetailId,jdbcType=INTEGER}
  </update>
</mapper>